-- --------------------------------------------------------
-- Host:                         127.0.0.1
-- Server version:               5.6.10 - MySQL Community Server (GPL)
-- Server OS:                    Win64
-- HeidiSQL Version:             8.1.0.4545
-- --------------------------------------------------------

/*!40101 SET @OLD_CHARACTER_SET_CLIENT=@@CHARACTER_SET_CLIENT */;
/*!40101 SET NAMES utf8 */;
/*!40014 SET @OLD_FOREIGN_KEY_CHECKS=@@FOREIGN_KEY_CHECKS, FOREIGN_KEY_CHECKS=0 */;
/*!40101 SET @OLD_SQL_MODE=@@SQL_MODE, SQL_MODE='NO_AUTO_VALUE_ON_ZERO' */;

-- Dumping structure for table edutel.constproperty
CREATE TABLE IF NOT EXISTS `constproperty` (
  `constId` int(10) NOT NULL AUTO_INCREMENT,
  `enumKey` varchar(50) NOT NULL DEFAULT '0',
  `constKey` varchar(50) NOT NULL DEFAULT '0',
  `constValue` varchar(500) NOT NULL DEFAULT '0',
  `constGroup` varchar(50) NOT NULL DEFAULT '0',
  `constActive` bit(1) NOT NULL DEFAULT b'0',
  `constAllowedValue` varchar(500) NOT NULL DEFAULT '0',
  PRIMARY KEY (`constId`)
) ENGINE=InnoDB AUTO_INCREMENT=94 DEFAULT CHARSET=latin1;

-- Dumping data for table edutel.constproperty: ~85 rows (approximately)
DELETE FROM `constproperty`;
/*!40000 ALTER TABLE `constproperty` DISABLE KEYS */;
INSERT INTO `constproperty` (`constId`, `enumKey`, `constKey`, `constValue`, `constGroup`, `constActive`, `constAllowedValue`) VALUES
	(1, 'Project_Title', 'Project_Title', 'EduTel Academy ', 'EGeneral', b'1', 'EduTel Academy '),
	(2, 'Project_Logo', 'Project_Logo', 'EduTel.png', 'EGeneral', b'1', ''),
	(3, 'Authentication_Type', 'Authentication_Type', 'DB', 'EGeneral', b'1', 'DB/LDAP'),
	(4, 'User_Selection_Column_Name', 'User_Selection_Column_Name', 'usEmployeeId', 'EGeneral', b'1', 'usEmployeeId'),
	(5, 'User_Login_Column_Name', 'User_Login_Column_Name', 'usUserId', 'EGeneral', b'1', 'usUserId'),
	(6, 'Display_Time_Zone', 'Display_Time_Zone', 'IST', 'EGeneral', b'1', 'CST/IST'),
	(7, 'Users_Reminder_Queries_Questions', 'Users_Reminder_Queries_Questions', 'What is the name of your Pet', 'EGeneral', b'1', ''),
	(9, 'audit_logging_event_login', 'audit_logging_event_login', 'EVT1000', 'EAudit', b'1', ''),
	(10, 'audit_logging_event_logout', 'audit_logging_event_logout', 'EVT1001', 'EAudit', b'1', ''),
	(11, 'audit_logging_event_startentry', 'audit_logging_event_startentry', 'EVT1002', 'EAudit', b'1', ''),
	(12, 'audit_logging_event_endentry', 'audit_logging_event_endentry', 'EVT1003', 'EAudit', b'1', ''),
	(13, 'audit_logging_event_dataentry', 'audit_logging_event_dataentry', 'EVT1004', 'EAudit', b'1', ''),
	(14, 'audit_logging_event_daoimpl', 'audit_logging_event_daoimpl', 'EVT1005', 'EAudit', b'1', ''),
	(15, 'audit_logging_event_report', 'audit_logging_event_report', 'EVT1006', 'EAudit', b'1', ''),
	(16, 'audit_logging_event_session', 'Users_Reminder_Queries_Questions', 'EVT1007', 'EAudit', b'1', ''),
	(17, 'Project_Name', 'Project_Name', 'EduTel', 'EGeneral', b'1', 'EduTel'),
	(18, 'DR_Site', 'DR_Site', 'No', 'EGeneral', b'1', 'Yes/No'),
	(19, 'EduTel_Phone', 'EduTel_Phone', '044-42172640', 'EGeneral', b'1', '0'),
	(20, 'EduTel_Mail', 'EduTel_Mail', 'admin@hatchbirdsolutions.com', 'EGeneral', b'1', '0'),
	(21, 'EduTel_Mobile', 'EduTel_Mobile', '9444796115', 'EGeneral', b'1', '0'),
	(22, 'server_mailroom_path', 'server_mailroom_path', 'DocBase/EduTel/Shared', 'EFileServer', b'1', '0'),
	(23, 'fileserver_intermediate_server_path', 'fileserver_intermediate_server_path', 'E:/EduTel_Documents', 'EFileServer', b'1', '0'),
	(24, 'fileserver_intermediate_virtual_path', 'fileserver_intermediate_virtual_path', 'http://localhost:8090/edutel', 'EFileServer', b'1', '0'),
	(25, 'server_attachment_path', 'server_attachment_path', 'DocBase/EduTel/Shared', 'EFileServer', b'1', '0'),
	(26, 'MCQ_Duration_Per_Question', 'MCQ_Duration_Per_Question', '3', 'EGeneral', b'1', '1/2/3/5/10/30'),
	(27, 'create_user', 'create_user', 'EVT1010', 'EAudit', b'1', 'EVT1010'),
	(28, 'update_user', 'update_user', 'EVT1011', 'EAudit', b'1', 'EVT1011'),
	(29, 'delete_user', 'delete_user', 'EVT1012', 'EAudit', b'1', 'EVT1012'),
	(30, 'search_user', 'search_user', 'EVT1013', 'EAudit', b'1', 'EVT1013'),
	(31, 'access_denied_user', 'access_denied_user', 'EVT1014', 'EAudit', b'1', 'EVT1014'),
	(32, 'create_school', 'create_school', 'EVT1020', 'EAudit', b'1', 'EVT1020'),
	(33, 'update_school', 'update_school', 'EVT1021', 'EAudit', b'1', 'EVT1021'),
	(34, 'delete_school', 'delete_school', 'EVT1022', 'EAudit', b'1', 'EVT1022'),
	(35, 'access_denied_school', 'access_denied_school', 'EVT1023', 'EAudit', b'1', 'EVT1023'),
	(36, 'search_school', 'search_school', 'EVT1024', 'EAudit', b'1', 'EVT1024'),
	(37, 'create_college', 'create_college', 'EVT1030', 'EAudit', b'1', 'EVT1030'),
	(38, 'update_college', 'update_college', 'EVT1031', 'EAudit', b'1', 'EVT1031'),
	(39, 'delete_college', 'delete_college', 'EVT1032', 'EAudit', b'1', 'EVT1032'),
	(40, 'search_college', 'search_college', 'EVT1033', 'EAudit', b'1', 'EVT1033'),
	(41, 'access_denied_college', 'access_denied_college', 'EVT1034', 'EAudit', b'1', 'EVT1034'),
	(42, 'create_mcq_exam', 'create_mcq_exam', 'EVT1040', 'EAudit', b'1', 'EVT1040'),
	(43, 'update_mcq_exam', 'update_mcq_exam', 'EVT1041', 'EAudit', b'1', 'EVT1041'),
	(44, 'delete_mcq_exam', 'delete_mcq_exam', 'EVT1042', 'EAudit', b'1', 'EVT1042'),
	(45, 'search_mcq_exam', 'search_mcq_exam', 'EVT1043', 'EAudit', b'1', 'EVT1043'),
	(46, 'perform_mcq_exam', 'perform_mcq_exam', 'EVT1044', 'EAudit', b'1', 'EVT1044'),
	(47, 'access_denied_mcq_exam', 'access_denied_mcq_exam', 'EVT1045', 'EAudit', b'1', 'EVT1045'),
	(48, 'create_mcq_practice_exam', 'create_mcq_practice_exam', 'EVT1050', 'EAudit', b'1', 'EVT1050'),
	(49, 'update_mcq_practice_exam', 'update_mcq_practice_exam', 'EVT1051', 'EAudit', b'1', 'EVT1051'),
	(50, 'delete_mcq_practice_exam', 'delete_mcq_practice_exam', 'EVT1052', 'EAudit', b'1', 'EVT1052'),
	(51, 'search_mcq_practice_exam', 'search_mcq_practice_exam', 'EVT1053', 'EAudit', b'1', 'EVT1053'),
	(52, 'perform_mcq_practice_exam', 'perform_mcq_practice_exam', 'EVT1054', 'EAudit', b'1', 'EVT1054'),
	(53, 'access_denied_mcq_practice_exam', 'access_denied_mcq_practice_exam', 'EVT1055', 'EAudit', b'1', 'EVT1055'),
	(54, 'create_ebook', 'create_ebook', 'EVT1060', 'EAudit', b'1', 'EVT1060'),
	(55, 'update_ebook', 'update_ebook', 'EVT1061', 'EAudit', b'1', 'EVT1061'),
	(56, 'delete_ebook', 'delete_ebook', 'EVT1062', 'EAudit', b'1', 'EVT1062'),
	(57, 'search_ebook', 'search_ebook', 'EVT1063', 'EAudit', b'1', 'EVT1063'),
	(58, 'download_ebook', 'download_ebook', 'EVT1064', 'EAudit', b'1', 'EVT1064'),
	(59, 'access_denied_ebook', 'access_denied_ebook', 'EVT1065', 'EAudit', b'1', 'EVT1065'),
	(60, 'create_serial_key', 'create_serial_key', 'EVT1070', 'EAudit', b'1', 'EVT1070'),
	(61, 'update_serial_key', 'update_serial_key', 'EVT1071', 'EAudit', b'1', 'EVT1071'),
	(62, 'delete_serial_key', 'delete_serial_key', 'EVT1072', 'EAudit', b'1', 'EVT1072'),
	(63, 'search_serial_key', 'search_serial_key', 'EVT1073', 'EAudit', b'1', 'EVT1073'),
	(64, 'authenticate_serial_key', 'authenticate_serial_key', 'EVT1074', 'EAudit', b'1', 'EVT1074'),
	(65, 'access_denied_serial_key', 'access_denied_serial_key', 'EVT1075', 'EAudit', b'1', 'EVT1075'),
	(66, 'create_query', 'create_query', 'EVT1080', 'EAudit', b'1', 'EVT1080'),
	(67, 'search_query', 'search_query', 'EVT1081', 'EAudit', b'1', 'EVT1081'),
	(68, 'delete_query', 'delete_query', 'EVT1082', 'EAudit', b'1', 'EVT1082'),
	(69, 'reply_query', 'reply_query', 'EVT1083', 'EAudit', b'1', 'EVT1083'),
	(70, 'result_mcq_exam', 'result_mcq_exam', 'EVT1046', 'EAudit', b'1', 'EVT1046'),
	(71, 'result_mcq_practice_exam', 'result_mcq_practice_exam', 'EVT1056', 'EAudit', b'1', 'EVT1056'),
	(72, 'create_eblueprint', 'create_eblueprint', 'EVT1090', 'EAudit', b'1', 'EVT1090'),
	(73, 'update_eblueprint', 'update_eblueprint', 'EVT1091', 'EAudit', b'1', 'EVT1091'),
	(74, 'delete_eblueprint', 'delete_eblueprint', 'EVT1092', 'EAudit', b'1', 'EVT1092'),
	(75, 'search_eblueprint', 'search_eblueprint', 'EVT1093', 'EAudit', b'1', 'EVT1093'),
	(76, 'download_eblueprint', 'download_eblueprint', 'EVT1094', 'EAudit', b'1', 'EVT1094'),
	(77, 'access_denied_eblueprint', 'access_denied_eblueprint', 'EVT1095', 'EAudit', b'1', 'EVT1095'),
	(78, 'create_ekeypoints', 'create_ekeypoints', 'EVT1100', 'EAudit', b'1', 'EVT1100'),
	(79, 'update_ekeypoints', 'update_ekeypoints', 'EVT1101', 'EAudit', b'1', 'EVT1101'),
	(80, 'delete_ekeypoints', 'delete_ekeypoints', 'EVT1102', 'EAudit', b'1', 'EVT1102'),
	(81, 'search_ekeypoints', 'search_ekeypoints', 'EVT1103', 'EAudit', b'1', 'EVT1103'),
	(82, 'download_ekeypoints', 'download_ekeypoints', 'EVT1104', 'EAudit', b'1', 'EVT1104'),
	(83, 'access_denied_ekeypoints', 'access_denied_ekeypoints', 'EVT1095', 'EAudit', b'1', 'EVT1105'),
	(84, 'perform_testseries_exam', 'perform_testseries_exam', 'EVT1047', 'EAudit', b'1', 'EVT1047'),
	(85, 'result_testseries_exam', 'result_testseries_exam', 'EVT1048', 'EAudit', b'1', 'EVT1048'),
	(86, 'search_testseries_exam', 'search_testseries_exam', 'EVT1049', 'EAudit', b'1', 'EVT1049'),
	(87, 'project_authentication_student', 'project_authentication_student', 'RWR1VGVsIzIwMDA=', 'EGeneral', b'1', '2000 users'),
	(89, 'project_authentication_employee', 'project_authentication_employee', 'RWR1VGVsIzUw', 'EGeneral', b'1', '0'),
	(90, 'project_authentication_franchisee', 'project_authentication_franchisee', 'RWR1VGVsIzU=', 'EGeneral', b'1', '0'),
	(91, 'WebsiteURL', 'WebsiteURL', 'aHR0cDovL2hwc21zLmRpYWw0c21zLmNvbS9hcGkvd2ViMnNtcy5waHA=', 'ESMS', b'1', '0'),
	(92, 'SenderCredentials', 'SenderCredentials', 'dXNlcm5hbWU9ZGlhbDRkZW1vJnBhc3N3b3JkPWRpYWw0ZGVtbyZzZW5kZXI9REFMU01TJnRvPQ==', 'ESMS', b'1', '0'),
	(93, 'Message', 'Message', 'bWVzc2FnZT0=', 'ESMS', b'1', '0');
/*!40000 ALTER TABLE `constproperty` ENABLE KEYS */;


-- Dumping structure for table edutel.mamenu
CREATE TABLE IF NOT EXISTS `mamenu` (
  `maMenuId` varchar(50) NOT NULL,
  `maMenuName` varchar(50) NOT NULL DEFAULT '0',
  `maMenuActionURL` varchar(200) NOT NULL DEFAULT '0',
  `maMenuToolTip` varchar(200) NOT NULL DEFAULT '0',
  `maMenuOnClick` varchar(200) NOT NULL DEFAULT '0',
  `maMenuOnBlur` varchar(200) NOT NULL DEFAULT '0',
  `maMenuOnMouseOver` varchar(200) NOT NULL DEFAULT '0',
  `maParentId` varchar(10) NOT NULL DEFAULT '0',
  `maSubMenuOrder` int(11) NOT NULL DEFAULT '0',
  `maSubMenuCount` int(11) NOT NULL DEFAULT '0',
  `maMenuLevel` varchar(50) NOT NULL DEFAULT '0',
  PRIMARY KEY (`maMenuId`)
) ENGINE=InnoDB DEFAULT CHARSET=latin1;

-- Dumping data for table edutel.mamenu: ~37 rows (approximately)
DELETE FROM `mamenu`;
/*!40000 ALTER TABLE `mamenu` DISABLE KEYS */;
INSERT INTO `mamenu` (`maMenuId`, `maMenuName`, `maMenuActionURL`, `maMenuToolTip`, `maMenuOnClick`, `maMenuOnBlur`, `maMenuOnMouseOver`, `maParentId`, `maSubMenuOrder`, `maSubMenuCount`, `maMenuLevel`) VALUES
	('M0001', 'Admin Management', '', '0', '0', '0', '0', 'M0001', 0, 7, 'B'),
	('M0002', 'Users', '', '0', '0', '0', '0', 'M0001', 1, 3, 'BA'),
	('M0003', 'Search Users', '', '0', '0', '0', '0', 'M0001', 2, 3, 'BB'),
	('M0004', 'School', '', '0', '0', '0', '0', 'M0001', 3, 2, 'BC'),
	('M0005', 'College', '', '0', '0', '0', '0', 'M0001', 4, 2, 'BD'),
	('M0006', 'KeyGenerate', 'generateSerialKey.do', '0', '0', '0', '0', 'M0001', 5, 0, 'BE'),
	('M0007', 'Student', 'userPreRegistration.do?usersType=Student', '0', '0', '0', '0', 'M0002', 1, 0, 'BAA'),
	('M0008', 'Employee', 'userPreRegistration.do?usersType=Employee', '0', '0', '0', '0', 'M0002', 2, 0, 'BAB'),
	('M0009', 'Franchisee', 'userPreRegistration.do?usersType=Franchisee', '0', '0', '0', '0', 'M0002', 3, 0, 'BAC'),
	('M0010', 'School Registration', 'schoolPreRegistration.do', '0', '0', '0', '0', 'M0004', 1, 0, 'BCA'),
	('M0011', 'Search School', 'searchSchool.do', '0', '0', '0', '0', 'M0004', 2, 0, 'BCB '),
	('M0012', 'College Registration', 'collegePreRegistration.do', '0', '0', '0', '0', 'M0005', 1, 0, 'BDA'),
	('M0013', 'Search College', 'searchCollege.do', '0', '0', '0', '0', 'M0005', 2, 0, 'BDB'),
	('M0014', 'EduTel Uploads', '', '0', '0', '0', '0', 'M0014', 0, 5, 'C'),
	('M0015', 'EBookUpload', 'onlineEBookRepository.do', '0', '0', '0', '0', 'M0014', 1, 0, 'CA'),
	('M0016', 'EBluePrintUpload', 'onlineEBluePrintRepository.do', '0', '0', '0', '0', 'M0014', 2, 0, 'CB'),
	('M0017', 'EKeyPointsUpload', 'onlineEKeyPointsRepository.do', '0', '0', '0', '0', 'M0014', 3, 0, 'CC'),
	('M0018', 'Discussion Board', 'viewQueryAnswer.do', '0', '0', '0', '0', 'M0014', 4, 0, 'CD'),
	('M0019', 'Information Alerts', 'infoAlertSearch.do', '0', '0', '0', '0', 'M0014', 5, 0, 'CE'),
	('M0020', 'Online Exam', '', '0', '0', '0', '0', 'M0020', 0, 4, 'D'),
	('M0021', 'Search Online Exam', 'createOnlinePreExam.do', '0', '0', '0', '0', 'M0020', 1, 0, 'DA'),
	('M0022', 'Online Practise Exam', 'createOnlinePrePractiseExam.do', '0', '0', '0', '0', 'M0020', 2, 0, 'DB'),
	('M0023', 'Search Test Series Exam', 'onlineTestSeriesExamQuestionSearch.do', '0', '0', '0', '0', 'M0020', 3, 0, 'DC'),
	('M0024', 'DashBoard', 'dashBoardStudent.do', '0', '0', '0', '0', 'M0024', 0, 0, 'A'),
	('M0025', 'DashBoard', 'dashBoardEmployee.do', '0', '0', '0', '0', 'M0025', 0, 0, 'A'),
	('M0026', 'Search Student', 'userSearch.do?usersType=Student', '0', '0', '0', '0', 'M0003', 1, 0, 'BBA'),
	('M0027', 'Search Employee', 'userSearch.do?usersType=Employee', '0', '0', '0', '0', 'M0003', 2, 0, 'BBB'),
	('M0028', 'Search Franchisee', 'userSearch.do?usersType=Franchisee', '0', '0', '0', '0', 'M0003', 3, 0, 'BBC'),
	('M0029', 'Enquiry', 'searchEnquiry.do', '0', '0', '0', '0', 'M0029', 0, 0, 'E'),
	('M0030', 'E-Form', 'viewOnlineFormRequest.do', '0', '0', '0', '0', 'M0030', 0, 0, 'F'),
	('M0032', 'Home', 'index.do', '0', '0', '0', '0', 'M0032', 0, 0, 'A'),
	('M0033', 'About Us', 'loadPage.do?p=AboutUs', '0', '0', '0', '0', 'M0033', 0, 0, 'B'),
	('M0034', 'Study India', 'javascript:void(0)', '0', '0', '0', '0', 'M0034', 0, 0, 'C'),
	('M0035', 'Study Abroad', 'javascript:void(0)', '0', '0', '0', '0', 'M0035', 0, 0, 'Y'),
	('M0036', 'Gallery', 'javascript:void(0)', '0', '0', '0', '0', 'M0036', 0, 0, 'E'),
	('M0037', 'Careers', 'loadPage.do?p=Careers', '0', '0', '0', '0', 'M0037', 0, 0, 'F'),
	('M0038', 'Contact Us', 'loadPage.do?p=ContactUs', '0', '0', '0', '0', 'M0038', 0, 0, 'G'),
	('M0039', 'Search Online Assigned Exam', 'createOnlinePreExamAssigned.do', '0', '0', '0', '0', 'M0020', 4, 0, 'DD'),
	('M0040', 'Create Message', 'messagePreCreate.do', '0', '0', '0', '0', 'M0001', 6, 0, 'BF'),
	('M0041', 'Create Message User ', 'messageUserMappingPreCreate.do', '0', '0', '0', '0', 'M0001', 7, 0, 'BG');
/*!40000 ALTER TABLE `mamenu` ENABLE KEYS */;


-- Dumping structure for table edutel.mamenurole
CREATE TABLE IF NOT EXISTS `mamenurole` (
  `maMRAutoId` int(11) NOT NULL AUTO_INCREMENT,
  `maMenuId` varchar(50) NOT NULL DEFAULT '0',
  `rlRoleId` varchar(50) NOT NULL DEFAULT '0',
  PRIMARY KEY (`maMRAutoId`)
) ENGINE=InnoDB AUTO_INCREMENT=84 DEFAULT CHARSET=latin1;

-- Dumping data for table edutel.mamenurole: ~63 rows (approximately)
DELETE FROM `mamenurole`;
/*!40000 ALTER TABLE `mamenurole` DISABLE KEYS */;
INSERT INTO `mamenurole` (`maMRAutoId`, `maMenuId`, `rlRoleId`) VALUES
	(1, 'M0001', 'SuperAdminRole'),
	(2, 'M0002', 'SuperAdminRole'),
	(3, 'M0003', 'SuperAdminRole'),
	(4, 'M0004', 'SuperAdminRole'),
	(5, 'M0005', 'SuperAdminRole'),
	(6, 'M0006', 'SuperAdminRole'),
	(7, 'M0007', 'SuperAdminRole'),
	(8, 'M0008', 'SuperAdminRole'),
	(9, 'M0009', 'SuperAdminRole'),
	(10, 'M0010', 'SuperAdminRole'),
	(11, 'M0011', 'SuperAdminRole'),
	(12, 'M0012', 'SuperAdminRole'),
	(13, 'M0013', 'SuperAdminRole'),
	(14, 'M0014', 'SuperAdminRole'),
	(15, 'M0015', 'SuperAdminRole'),
	(16, 'M0016', 'SuperAdminRole'),
	(17, 'M0017', 'SuperAdminRole'),
	(18, 'M0018', 'SuperAdminRole'),
	(19, 'M0019', 'SuperAdminRole'),
	(20, 'M0020', 'SuperAdminRole'),
	(21, 'M0021', 'SuperAdminRole'),
	(22, 'M0022', 'SuperAdminRole'),
	(23, 'M0023', 'SuperAdminRole'),
	(25, 'M0001', 'Employee'),
	(26, 'M0002', 'Employee'),
	(27, 'M0003', 'Employee'),
	(28, 'M0004', 'Employee'),
	(29, 'M0005', 'Employee'),
	(30, 'M0006', 'Employee'),
	(31, 'M0007', 'Employee'),
	(32, 'M0008', 'Employee'),
	(33, 'M0009', 'Employee'),
	(34, 'M0010', 'Employee'),
	(35, 'M0011', 'Employee'),
	(36, 'M0012', 'Employee'),
	(37, 'M0013', 'Employee'),
	(38, 'M0014', 'Employee'),
	(39, 'M0015', 'Employee'),
	(40, 'M0016', 'Employee'),
	(41, 'M0017', 'Employee'),
	(42, 'M0018', 'Employee'),
	(43, 'M0019', 'Employee'),
	(44, 'M0020', 'Employee'),
	(45, 'M0021', 'Employee'),
	(46, 'M0022', 'Employee'),
	(47, 'M0023', 'Employee'),
	(49, 'M0015', 'Student'),
	(50, 'M0018', 'Student'),
	(52, 'M0016', 'Student'),
	(53, 'M0017', 'Student'),
	(54, 'M0014', 'Student'),
	(55, 'M0024', 'Student'),
	(56, 'M0025', 'Employee'),
	(57, 'M0025', 'SuperAdminRole'),
	(58, 'M0025', 'Franchisee'),
	(59, 'M0026', 'SuperAdminRole'),
	(60, 'M0026', 'Employee'),
	(61, 'M0027', 'SuperAdminRole'),
	(62, 'M0027', 'Employee'),
	(63, 'M0028', 'SuperAdminRole'),
	(64, 'M0028', 'Employee'),
	(65, 'M0029', 'Employee'),
	(66, 'M0029', 'SuperAdminRole'),
	(67, 'M0030', 'Employee'),
	(68, 'M0030', 'SuperAdminRole'),
	(71, 'M0032', 'Dummy'),
	(72, 'M0033', 'Dummy'),
	(73, 'M0034', 'Dummy'),
	(74, 'M0035', 'Dummy'),
	(75, 'M0036', 'Dummy'),
	(76, 'M0037', 'Dummy'),
	(77, 'M0038', 'Dummy'),
	(78, 'M0039', 'SuperAdminRole'),
	(79, 'M0039', 'Employee'),
	(80, 'M0040', 'SuperAdminRole'),
	(81, 'M0040', 'Employee'),
	(82, 'M0041', 'SuperAdminRole'),
	(83, 'M0041', 'Employee');
/*!40000 ALTER TABLE `mamenurole` ENABLE KEYS */;


-- Dumping structure for table edutel.messages
CREATE TABLE IF NOT EXISTS `messages` (
  `messageId` varchar(50) NOT NULL,
  `messageName` varchar(50) NOT NULL,
  `message` longtext NOT NULL,
  `messageType` varchar(50) DEFAULT 'SMS',
  `deliveryDate` datetime DEFAULT NULL,
  `createdBy` varchar(50) NOT NULL,
  `createdDate` datetime NOT NULL,
  `modifiedBy` varchar(50) DEFAULT NULL,
  `modifiedDate` datetime DEFAULT NULL,
  `status` bit(1) NOT NULL DEFAULT b'1',
  PRIMARY KEY (`messageId`),
  KEY `FK_MSG_USER_CRT_idx` (`createdBy`),
  KEY `FK_MSG_USER_MDY_idx` (`modifiedBy`),
  CONSTRAINT `FK_MSG_USER_CRT` FOREIGN KEY (`createdBy`) REFERENCES `users` (`usEmployeeId`) ON DELETE NO ACTION ON UPDATE NO ACTION,
  CONSTRAINT `FK_MSG_USER_MDY` FOREIGN KEY (`modifiedBy`) REFERENCES `users` (`usEmployeeId`) ON DELETE NO ACTION ON UPDATE NO ACTION
) ENGINE=InnoDB DEFAULT CHARSET=latin1;

-- Dumping data for table edutel.messages: ~2 rows (approximately)
DELETE FROM `messages`;
/*!40000 ALTER TABLE `messages` DISABLE KEYS */;
INSERT INTO `messages` (`messageId`, `messageName`, `message`, `messageType`, `deliveryDate`, `createdBy`, `createdDate`, `modifiedBy`, `modifiedDate`, `status`) VALUES
	('MSG141014102711260', 'Message Generate Panel', 'Google Chrome can\'t display the ${Users.usUserID}$  because your  ${Users.usUserName}$ isn\'t connected to the Internet.', 'SMS', '2014-12-03 22:13:00', 'SuperAdmin', '2014-10-14 22:27:11', 'SuperAdmin', '2014-10-26 12:07:29', b'1'),
	('MSG141029114443414', 'Raja', 'IT  ${Users.usUserName}$ security researchers have  ${Users.usFatherName}$ recently discovered a vulnerability in a software that is commonly used in Unix and Linux operating systems to execute  ${Users.usCity}$ commands from applications. This vulnerability could allow an  ${Users.usUserID}$ attacker to gain control over an affected machine, access confidential information and perform unauthorised activities. ', 'SMS', '2014-12-05 12:00:00', 'SuperAdmin', '2014-10-29 11:44:43', 'SuperAdmin', '2014-10-29 11:45:59', b'1');
/*!40000 ALTER TABLE `messages` ENABLE KEYS */;


-- Dumping structure for table edutel.messagesbeanfieldinformation
CREATE TABLE IF NOT EXISTS `messagesbeanfieldinformation` (
  `msgFieldAutoId` int(10) NOT NULL AUTO_INCREMENT,
  `beanDisplayName` varchar(50) NOT NULL,
  `beanFieldName` varchar(50) NOT NULL,
  `beanFieldDisplayName` varchar(50) NOT NULL,
  `messageDisplayName` varchar(50) NOT NULL,
  `createdBy` varchar(50) NOT NULL,
  `createdDate` datetime NOT NULL,
  `modifiedBy` varchar(50) DEFAULT NULL,
  `modifiedDate` datetime DEFAULT NULL,
  `status` bit(1) NOT NULL DEFAULT b'1',
  PRIMARY KEY (`msgFieldAutoId`),
  KEY `FK_BEAN_BEAN_FIELD_idx` (`beanDisplayName`),
  KEY `FK_BFI_CRT_idx` (`createdBy`),
  KEY `FK_BFI_MDY_idx` (`modifiedBy`),
  CONSTRAINT `FK_BEAN_BEAN_FIELD` FOREIGN KEY (`beanDisplayName`) REFERENCES `messagesbeaninformation` (`beanDisplayName`) ON DELETE NO ACTION ON UPDATE NO ACTION,
  CONSTRAINT `FK_BFI_CRT` FOREIGN KEY (`createdBy`) REFERENCES `users` (`usEmployeeId`) ON DELETE NO ACTION ON UPDATE NO ACTION,
  CONSTRAINT `FK_BFI_MDY` FOREIGN KEY (`modifiedBy`) REFERENCES `users` (`usEmployeeId`) ON DELETE NO ACTION ON UPDATE NO ACTION
) ENGINE=InnoDB AUTO_INCREMENT=74 DEFAULT CHARSET=latin1;

-- Dumping data for table edutel.messagesbeanfieldinformation: ~73 rows (approximately)
DELETE FROM `messagesbeanfieldinformation`;
/*!40000 ALTER TABLE `messagesbeanfieldinformation` DISABLE KEYS */;
INSERT INTO `messagesbeanfieldinformation` (`msgFieldAutoId`, `beanDisplayName`, `beanFieldName`, `beanFieldDisplayName`, `messageDisplayName`, `createdBy`, `createdDate`, `modifiedBy`, `modifiedDate`, `status`) VALUES
	(1, 'Users', 'serialVersionUID', 'serialVersionUID', '{Users.serialVersionUID}', 'SuperAdmin', '2014-10-13 21:39:09', NULL, NULL, b'0'),
	(2, 'Users', 'usEmployeeId', 'usEmployeeId', '{Users.usEmployeeId}', 'SuperAdmin', '2014-10-13 21:39:09', NULL, NULL, b'0'),
	(3, 'Users', 'usUserID', 'usUserID', '{Users.usUserID}', 'SuperAdmin', '2014-10-13 21:39:09', NULL, NULL, b'1'),
	(4, 'Users', 'usUserName', 'usUserName', '{Users.usUserName}', 'SuperAdmin', '2014-10-13 21:39:09', NULL, NULL, b'1'),
	(5, 'Users', 'usLastName', 'usLastName', '{Users.usLastName}', 'SuperAdmin', '2014-10-13 21:39:09', NULL, NULL, b'1'),
	(6, 'Users', 'usUserPwd', 'usUserPwd', '{Users.usUserPwd}', 'SuperAdmin', '2014-10-13 21:39:09', NULL, NULL, b'0'),
	(7, 'Users', 'usSex', 'usSex', '{Users.usSex}', 'SuperAdmin', '2014-10-13 21:39:09', NULL, NULL, b'0'),
	(8, 'Users', 'usFatherName', 'usFatherName', '{Users.usFatherName}', 'SuperAdmin', '2014-10-13 21:39:09', NULL, NULL, b'1'),
	(9, 'Users', 'usAlternativeEmail', 'usAlternativeEmail', '{Users.usAlternativeEmail}', 'SuperAdmin', '2014-10-13 21:39:09', NULL, NULL, b'1'),
	(10, 'Users', 'usEmail', 'usEmail', '{Users.usEmail}', 'SuperAdmin', '2014-10-13 21:39:09', NULL, NULL, b'1'),
	(11, 'Users', 'usDob', 'usDob', '{Users.usDob}', 'SuperAdmin', '2014-10-13 21:39:09', NULL, NULL, b'1'),
	(12, 'Users', 'usFrancheesArea', 'usFrancheesArea', '{Users.usFrancheesArea}', 'SuperAdmin', '2014-10-13 21:39:09', NULL, NULL, b'1'),
	(13, 'Users', 'usCompanyName', 'usCompanyName', '{Users.usCompanyName}', 'SuperAdmin', '2014-10-13 21:39:09', NULL, NULL, b'1'),
	(14, 'Users', 'usQualification', 'usQualification', '{Users.usQualification}', 'SuperAdmin', '2014-10-13 21:39:09', NULL, NULL, b'0'),
	(15, 'Users', 'usExperience', 'usExperience', '{Users.usExperience}', 'SuperAdmin', '2014-10-13 21:39:09', NULL, NULL, b'0'),
	(16, 'Users', 'usDateOfJoin', 'usDateOfJoin', '{Users.usDateOfJoin}', 'SuperAdmin', '2014-10-13 21:39:09', NULL, NULL, b'1'),
	(17, 'Users', 'usDateOfTerminate', 'usDateOfTerminate', '{Users.usDateOfTerminate}', 'SuperAdmin', '2014-10-13 21:39:09', NULL, NULL, b'0'),
	(18, 'Users', 'usSerialKey', 'usSerialKey', '{Users.usSerialKey}', 'SuperAdmin', '2014-10-13 21:39:09', NULL, NULL, b'0'),
	(19, 'Users', 'usSchoolId', 'usSchoolId', '{Users.usSchoolId}', 'SuperAdmin', '2014-10-13 21:39:09', NULL, NULL, b'1'),
	(20, 'Users', 'usBoardName', 'usBoardName', '{Users.usBoardName}', 'SuperAdmin', '2014-10-13 21:39:09', NULL, NULL, b'1'),
	(21, 'Users', 'usGroupName', 'usGroupName', '{Users.usGroupName}', 'SuperAdmin', '2014-10-13 21:39:09', NULL, NULL, b'1'),
	(22, 'Users', 'usProofType', 'usProofType', '{Users.usProofType}', 'SuperAdmin', '2014-10-13 21:39:09', NULL, NULL, b'0'),
	(23, 'Users', 'usProofId', 'usProofId', '{Users.usProofId}', 'SuperAdmin', '2014-10-13 21:39:09', NULL, NULL, b'0'),
	(24, 'Users', 'usMobileNo', 'usMobileNo', '{Users.usMobileNo}', 'SuperAdmin', '2014-10-13 21:39:09', NULL, NULL, b'1'),
	(25, 'Users', 'usAlternateMobileNo', 'usAlternateMobileNo', '{Users.usAlternateMobileNo}', 'SuperAdmin', '2014-10-13 21:39:09', NULL, NULL, b'1'),
	(26, 'Users', 'usPhoneNo', 'usPhoneNo', '{Users.usPhoneNo}', 'SuperAdmin', '2014-10-13 21:39:09', NULL, NULL, b'1'),
	(27, 'Users', 'usFaxNo', 'usFaxNo', '{Users.usFaxNo}', 'SuperAdmin', '2014-10-13 21:39:09', NULL, NULL, b'1'),
	(28, 'Users', 'usAddress1', 'usAddress1', '{Users.usAddress1}', 'SuperAdmin', '2014-10-13 21:39:09', NULL, NULL, b'1'),
	(29, 'Users', 'usAddress2', 'usAddress2', '{Users.usAddress2}', 'SuperAdmin', '2014-10-13 21:39:09', NULL, NULL, b'1'),
	(30, 'Users', 'usLandMark', 'usLandMark', '{Users.usLandMark}', 'SuperAdmin', '2014-10-13 21:39:09', NULL, NULL, b'1'),
	(31, 'Users', 'usCity', 'usCity', '{Users.usCity}', 'SuperAdmin', '2014-10-13 21:39:09', NULL, NULL, b'1'),
	(32, 'Users', 'usState', 'usState', '{Users.usState}', 'SuperAdmin', '2014-10-13 21:39:09', NULL, NULL, b'1'),
	(33, 'Users', 'usPinCode', 'usPinCode', '{Users.usPinCode}', 'SuperAdmin', '2014-10-13 21:39:09', NULL, NULL, b'1'),
	(34, 'Users', 'usCountry', 'usCountry', '{Users.usCountry}', 'SuperAdmin', '2014-10-13 21:39:09', NULL, NULL, b'1'),
	(35, 'Users', 'usCreatedBy', 'usCreatedBy', '{Users.usCreatedBy}', 'SuperAdmin', '2014-10-13 21:39:09', NULL, NULL, b'0'),
	(36, 'Users', 'usCreatedDate', 'usCreatedDate', '{Users.usCreatedDate}', 'SuperAdmin', '2014-10-13 21:39:09', NULL, NULL, b'0'),
	(37, 'Users', 'usModifiedBy', 'usModifiedBy', '{Users.usModifiedBy}', 'SuperAdmin', '2014-10-13 21:39:09', NULL, NULL, b'0'),
	(38, 'Users', 'usModifiedDate', 'usModifiedDate', '{Users.usModifiedDate}', 'SuperAdmin', '2014-10-13 21:39:09', NULL, NULL, b'0'),
	(39, 'Users', 'usStatus', 'usStatus', '{Users.usStatus}', 'SuperAdmin', '2014-10-13 21:39:09', NULL, NULL, b'0'),
	(40, 'Users', 'usUsersType', 'usUsersType', '{Users.usUsersType}', 'SuperAdmin', '2014-10-13 21:39:09', NULL, NULL, b'1'),
	(41, 'Users', 'userRoleses', 'userRoleses', '{Users.userRoleses}', 'SuperAdmin', '2014-10-13 21:39:09', NULL, NULL, b'0'),
	(42, 'Users', 'userLogs', 'userLogs', '{Users.userLogs}', 'SuperAdmin', '2014-10-13 21:39:09', NULL, NULL, b'0'),
	(43, 'Users', 'createdUser', 'createdUser', '{Users.createdUser}', 'SuperAdmin', '2014-10-13 21:39:09', NULL, NULL, b'0'),
	(44, 'Users', 'uploadFileScreenShot', 'uploadFileScreenShot', '{Users.uploadFileScreenShot}', 'SuperAdmin', '2014-10-13 21:39:09', NULL, NULL, b'0'),
	(45, 'Users', 'uploadFileLastModifiedDate', 'uploadFileLastModifiedDate', '{Users.uploadFileLastModifiedDate}', 'SuperAdmin', '2014-10-13 21:39:09', NULL, NULL, b'0'),
	(46, 'Users', 'uploadFileDate', 'uploadFileDate', '{Users.uploadFileDate}', 'SuperAdmin', '2014-10-13 21:39:09', NULL, NULL, b'0'),
	(47, 'Users', 'uploadFileSize', 'uploadFileSize', '{Users.uploadFileSize}', 'SuperAdmin', '2014-10-13 21:39:09', NULL, NULL, b'0'),
	(48, 'Users', 'uploadFileName', 'uploadFileName', '{Users.uploadFileName}', 'SuperAdmin', '2014-10-13 21:39:09', NULL, NULL, b'0'),
	(49, 'Users', 'uploadFileFolderURL', 'uploadFileFolderURL', '{Users.uploadFileFolderURL}', 'SuperAdmin', '2014-10-13 21:39:09', NULL, NULL, b'0'),
	(50, 'Users', 'uploadFileNamePrimaryId', 'uploadFileNamePrimaryId', '{Users.uploadFileNamePrimaryId}', 'SuperAdmin', '2014-10-13 21:39:09', NULL, NULL, b'0'),
	(51, 'Users', 'sessionId', 'sessionId', '{Users.sessionId}', 'SuperAdmin', '2014-10-13 21:39:09', NULL, NULL, b'0'),
	(52, 'Users', 'profileBy', 'profileBy', '{Users.profileBy}', 'SuperAdmin', '2014-10-13 21:39:09', NULL, NULL, b'0'),
	(53, 'OnlineExam', 'serialVersionUID', 'serialVersionUID', '{OnlineExam.serialVersionUID}', 'SuperAdmin', '2014-10-14 08:42:27', NULL, NULL, b'0'),
	(54, 'OnlineExam', 'oeExamId', 'oeExamId', '{OnlineExam.oeExamId}', 'SuperAdmin', '2014-10-14 08:42:27', NULL, NULL, b'0'),
	(55, 'OnlineExam', 'oeExamName', 'oeExamName', '{OnlineExam.oeExamName}', 'SuperAdmin', '2014-10-14 08:42:27', NULL, NULL, b'1'),
	(56, 'OnlineExam', 'oeExamDate', 'oeExamDate', '{OnlineExam.oeExamDate}', 'SuperAdmin', '2014-10-14 08:42:27', NULL, NULL, b'1'),
	(57, 'OnlineExam', 'oeExamDuration', 'oeExamDuration', '{OnlineExam.oeExamDuration}', 'SuperAdmin', '2014-10-14 08:42:27', NULL, NULL, b'1'),
	(58, 'OnlineExam', 'oeNoOfQuestions', 'oeNoOfQuestions', '{OnlineExam.oeNoOfQuestions}', 'SuperAdmin', '2014-10-14 08:42:27', NULL, NULL, b'0'),
	(59, 'OnlineExam', 'oeSubject', 'oeSubject', '{OnlineExam.oeSubject}', 'SuperAdmin', '2014-10-14 08:42:27', NULL, NULL, b'1'),
	(60, 'OnlineExam', 'oeChapter', 'oeChapter', '{OnlineExam.oeChapter}', 'SuperAdmin', '2014-10-14 08:42:27', NULL, NULL, b'1'),
	(61, 'OnlineExam', 'oeSchoolType', 'oeSchoolType', '{OnlineExam.oeSchoolType}', 'SuperAdmin', '2014-10-14 08:42:27', NULL, NULL, b'1'),
	(62, 'OnlineExam', 'oeExamType', 'oeExamType', '{OnlineExam.oeExamType}', 'SuperAdmin', '2014-10-14 08:42:27', NULL, NULL, b'0'),
	(63, 'OnlineExam', 'createdBy', 'createdBy', '{OnlineExam.createdBy}', 'SuperAdmin', '2014-10-14 08:42:27', NULL, NULL, b'0'),
	(64, 'OnlineExam', 'createdDate', 'createdDate', '{OnlineExam.createdDate}', 'SuperAdmin', '2014-10-14 08:42:27', NULL, NULL, b'0'),
	(65, 'OnlineExam', 'modifiedBy', 'modifiedBy', '{OnlineExam.modifiedBy}', 'SuperAdmin', '2014-10-14 08:42:27', NULL, NULL, b'0'),
	(66, 'OnlineExam', 'modifiedDate', 'modifiedDate', '{OnlineExam.modifiedDate}', 'SuperAdmin', '2014-10-14 08:42:27', NULL, NULL, b'0'),
	(67, 'OnlineExam', 'status', 'status', '{OnlineExam.status}', 'SuperAdmin', '2014-10-14 08:42:27', NULL, NULL, b'0'),
	(68, 'OnlineExam', 'onlineAssessment', 'onlineAssessment', '{OnlineExam.onlineAssessment}', 'SuperAdmin', '2014-10-14 08:42:27', NULL, NULL, b'0'),
	(69, 'OnlineExam', 'timeReached', 'timeReached', '{OnlineExam.timeReached}', 'SuperAdmin', '2014-10-14 08:42:27', NULL, NULL, b'0'),
	(70, 'OnlineExam', 'timeElapsed', 'timeElapsed', '{OnlineExam.timeElapsed}', 'SuperAdmin', '2014-10-14 08:42:27', NULL, NULL, b'0'),
	(71, 'OnlineExam', 'takenAlready', 'takenAlready', '{OnlineExam.takenAlready}', 'SuperAdmin', '2014-10-14 08:42:27', NULL, NULL, b'0'),
	(72, 'OnlineExam', 'assignedExam', 'assignedExam', '{OnlineExam.assignedExam}', 'SuperAdmin', '2014-10-14 08:42:27', NULL, NULL, b'0'),
	(73, 'OnlineExam', 'displayPublic', 'displayPublic', '{OnlineExam.displayPublic}', 'SuperAdmin', '2014-10-14 08:42:27', NULL, NULL, b'0');
/*!40000 ALTER TABLE `messagesbeanfieldinformation` ENABLE KEYS */;


-- Dumping structure for table edutel.messagesbeaninformation
CREATE TABLE IF NOT EXISTS `messagesbeaninformation` (
  `beanDisplayName` varchar(50) NOT NULL,
  `beanNameWithPackage` varchar(100) NOT NULL,
  `createdBy` varchar(50) NOT NULL,
  `createdDate` datetime NOT NULL,
  `modifiedBy` varchar(50) DEFAULT NULL,
  `modifiedDate` datetime DEFAULT NULL,
  `status` bit(1) NOT NULL DEFAULT b'1',
  PRIMARY KEY (`beanDisplayName`)
) ENGINE=InnoDB DEFAULT CHARSET=latin1;

-- Dumping data for table edutel.messagesbeaninformation: ~2 rows (approximately)
DELETE FROM `messagesbeaninformation`;
/*!40000 ALTER TABLE `messagesbeaninformation` DISABLE KEYS */;
INSERT INTO `messagesbeaninformation` (`beanDisplayName`, `beanNameWithPackage`, `createdBy`, `createdDate`, `modifiedBy`, `modifiedDate`, `status`) VALUES
	('Users', 'com.hbs.edutel.common.model.Users', 'SuperAdmin', '2014-10-13 10:39:42', NULL, NULL, b'1');
/*!40000 ALTER TABLE `messagesbeaninformation` ENABLE KEYS */;


-- Dumping structure for table edutel.messagesusermapping
CREATE TABLE IF NOT EXISTS `messagesusermapping` (
  `autoId` int(11) NOT NULL AUTO_INCREMENT,
  `messageId` varchar(50) NOT NULL,
  `usEmployeeId` varchar(50) NOT NULL,
  `messageStatus` varchar(50) NOT NULL,
  `createdBy` varchar(50) NOT NULL,
  `createdDate` datetime NOT NULL,
  `modifiedBy` varchar(50) DEFAULT NULL,
  `modifiedDate` datetime DEFAULT NULL,
  `status` bit(1) NOT NULL DEFAULT b'1',
  PRIMARY KEY (`autoId`),
  KEY `FK_MSG_MSG_MAP_idx` (`messageId`),
  KEY `FK_MSG_USR_CR_idx` (`createdBy`),
  KEY `FK_MSG_USR_MDY_idx` (`modifiedBy`),
  KEY `FK_MSG_USR_EMP_idx` (`usEmployeeId`),
  CONSTRAINT `FK_MSG_MSG_MAP` FOREIGN KEY (`messageId`) REFERENCES `messages` (`messageId`) ON DELETE NO ACTION ON UPDATE NO ACTION,
  CONSTRAINT `FK_MSG_USR_CRT` FOREIGN KEY (`createdBy`) REFERENCES `users` (`usEmployeeId`) ON DELETE NO ACTION ON UPDATE NO ACTION,
  CONSTRAINT `FK_MSG_USR_EMP` FOREIGN KEY (`usEmployeeId`) REFERENCES `users` (`usEmployeeId`) ON DELETE NO ACTION ON UPDATE NO ACTION,
  CONSTRAINT `FK_MSG_USR_MDY` FOREIGN KEY (`modifiedBy`) REFERENCES `users` (`usEmployeeId`) ON DELETE NO ACTION ON UPDATE NO ACTION
) ENGINE=InnoDB AUTO_INCREMENT=495 DEFAULT CHARSET=latin1;

-- Dumping data for table edutel.messagesusermapping: ~72 rows (approximately)
DELETE FROM `messagesusermapping`;
/*!40000 ALTER TABLE `messagesusermapping` DISABLE KEYS */;
INSERT INTO `messagesusermapping` (`autoId`, `messageId`, `usEmployeeId`, `messageStatus`, `createdBy`, `createdDate`, `modifiedBy`, `modifiedDate`, `status`) VALUES
	(423, 'MSG141029114443414', 'STD140821110707255', 'Pending', 'SuperAdmin', '2014-10-29 11:49:20', NULL, NULL, b'1'),
	(424, 'MSG141029114443414', 'STD140820101846515', 'Pending', 'SuperAdmin', '2014-10-29 11:49:20', NULL, NULL, b'1'),
	(425, 'MSG141029114443414', 'STD140819115155466', 'Pending', 'SuperAdmin', '2014-10-29 11:49:20', NULL, NULL, b'1'),
	(426, 'MSG141029114443414', 'EMP140715084218783', 'Pending', 'SuperAdmin', '2014-10-29 11:49:20', NULL, NULL, b'1'),
	(427, 'MSG141029114443414', 'EMP140708111601534', 'Pending', 'SuperAdmin', '2014-10-29 11:49:20', NULL, NULL, b'1'),
	(428, 'MSG141029114443414', 'EMP140708110917415', 'Pending', 'SuperAdmin', '2014-10-29 11:49:20', NULL, NULL, b'1'),
	(429, 'MSG141029114443414', 'EMP140708102148506', 'Pending', 'SuperAdmin', '2014-10-29 11:49:20', NULL, NULL, b'1'),
	(430, 'MSG141029114443414', 'EMP140708101523335', 'Pending', 'SuperAdmin', '2014-10-29 11:49:20', NULL, NULL, b'1'),
	(431, 'MSG141029114443414', 'EMP140706113545415', 'Pending', 'SuperAdmin', '2014-10-29 11:49:20', NULL, NULL, b'1'),
	(432, 'MSG141029114443414', 'EMP140630084927915', 'Pending', 'SuperAdmin', '2014-10-29 11:49:20', NULL, NULL, b'1'),
	(433, 'MSG141029114443414', 'EMP140630082848739', 'Pending', 'SuperAdmin', '2014-10-29 11:49:20', NULL, NULL, b'1'),
	(434, 'MSG141029114443414', 'EMP140630081034176', 'Pending', 'SuperAdmin', '2014-10-29 11:49:20', NULL, NULL, b'1'),
	(435, 'MSG141029114443414', 'FRH140630102639127', 'Pending', 'SuperAdmin', '2014-10-29 11:49:20', NULL, NULL, b'1'),
	(436, 'MSG141029114443414', 'STD140630101430783', 'Pending', 'SuperAdmin', '2014-10-29 11:49:20', NULL, NULL, b'1'),
	(437, 'MSG141029114443414', 'STD140630094326503', 'Pending', 'SuperAdmin', '2014-10-29 11:49:20', NULL, NULL, b'1'),
	(438, 'MSG141029114443414', 'FRH140628030745875', 'Pending', 'SuperAdmin', '2014-10-29 11:49:20', NULL, NULL, b'1'),
	(439, 'MSG141029114443414', 'STD140628025650678', 'Pending', 'SuperAdmin', '2014-10-29 11:49:20', NULL, NULL, b'1'),
	(440, 'MSG141029114443414', 'STD140628025056602', 'Pending', 'SuperAdmin', '2014-10-29 11:49:20', NULL, NULL, b'1'),
	(441, 'MSG141029114443414', 'EMP140628023304340', 'Pending', 'SuperAdmin', '2014-10-29 11:49:20', NULL, NULL, b'1'),
	(442, 'MSG141029114443414', 'EMP140628022534121', 'Pending', 'SuperAdmin', '2014-10-29 11:49:20', NULL, NULL, b'1'),
	(443, 'MSG141029114443414', 'STD140613065224937', 'Pending', 'SuperAdmin', '2014-10-29 11:49:20', NULL, NULL, b'1'),
	(444, 'MSG141029114443414', 'STD140613064940562', 'Pending', 'SuperAdmin', '2014-10-29 11:49:20', NULL, NULL, b'1'),
	(445, 'MSG141029114443414', 'FRH140613060637987', 'Pending', 'SuperAdmin', '2014-10-29 11:49:20', NULL, NULL, b'1'),
	(446, 'MSG141029114443414', 'STD140613060056057', 'Pending', 'SuperAdmin', '2014-10-29 11:49:20', NULL, NULL, b'1'),
	(447, 'MSG141029114443414', 'STD140604110232269', 'Pending', 'SuperAdmin', '2014-10-29 11:49:20', NULL, NULL, b'1'),
	(448, 'MSG141029114443414', 'STD140604105138335', 'Pending', 'SuperAdmin', '2014-10-29 11:49:20', NULL, NULL, b'1'),
	(449, 'MSG141029114443414', 'STD140604054630852', 'Pending', 'SuperAdmin', '2014-10-29 11:49:20', NULL, NULL, b'1'),
	(450, 'MSG141029114443414', 'STD140604040151216', 'Pending', 'SuperAdmin', '2014-10-29 11:49:20', NULL, NULL, b'1'),
	(451, 'MSG141029114443414', 'FRH140602085328561', 'Pending', 'SuperAdmin', '2014-10-29 11:49:20', NULL, NULL, b'1'),
	(452, 'MSG141029114443414', 'Dummy', 'Pending', 'SuperAdmin', '2014-10-29 11:49:20', NULL, NULL, b'1'),
	(453, 'MSG141029114443414', 'Visnu', 'Pending', 'SuperAdmin', '2014-10-29 11:49:20', NULL, NULL, b'1'),
	(454, 'MSG141029114443414', 'Ananth', 'Pending', 'SuperAdmin', '2014-10-29 11:49:20', NULL, NULL, b'1'),
	(455, 'MSG141029114443414', 'Ranjith', 'Pending', 'SuperAdmin', '2014-10-29 11:49:20', NULL, NULL, b'1'),
	(456, 'MSG141029114443414', 'SuperAdmin', 'Pending', 'SuperAdmin', '2014-10-29 11:49:20', NULL, NULL, b'1'),
	(457, 'MSG141029114443414', 'STD140529115834147', 'Pending', 'SuperAdmin', '2014-10-29 11:49:20', NULL, NULL, b'1'),
	(458, 'MSG141029114443414', 'STD140604030503228', 'Pending', 'SuperAdmin', '2014-10-29 11:49:20', NULL, NULL, b'1'),
	(459, 'MSG141014102711260', 'STD140821110707255', 'Send', 'SuperAdmin', '2014-10-29 11:49:51', 'SuperAdmin', '2014-12-05 11:46:42', b'1'),
	(460, 'MSG141014102711260', 'STD140820101846515', 'Send', 'SuperAdmin', '2014-10-29 11:49:51', 'SuperAdmin', '2014-12-05 11:38:39', b'1'),
	(461, 'MSG141014102711260', 'STD140819115155466', 'Send', 'SuperAdmin', '2014-10-29 11:49:51', 'SuperAdmin', '2014-12-05 11:38:39', b'1'),
	(462, 'MSG141014102711260', 'EMP140715084218783', 'Send', 'SuperAdmin', '2014-10-29 11:49:51', 'SuperAdmin', '2014-12-05 11:38:39', b'1'),
	(463, 'MSG141014102711260', 'EMP140708111601534', 'Send', 'SuperAdmin', '2014-10-29 11:49:51', 'SuperAdmin', '2014-12-05 11:38:39', b'1'),
	(464, 'MSG141014102711260', 'EMP140708110917415', 'Send', 'SuperAdmin', '2014-10-29 11:49:51', 'SuperAdmin', '2014-12-05 11:38:39', b'1'),
	(465, 'MSG141014102711260', 'EMP140708102148506', 'Send', 'SuperAdmin', '2014-10-29 11:49:51', 'SuperAdmin', '2014-12-05 11:38:39', b'1'),
	(466, 'MSG141014102711260', 'EMP140708101523335', 'Send', 'SuperAdmin', '2014-10-29 11:49:51', 'SuperAdmin', '2014-12-05 11:38:39', b'1'),
	(467, 'MSG141014102711260', 'EMP140706113545415', 'Send', 'SuperAdmin', '2014-10-29 11:49:51', 'SuperAdmin', '2014-12-05 11:38:39', b'1'),
	(468, 'MSG141014102711260', 'EMP140630084927915', 'Send', 'SuperAdmin', '2014-10-29 11:49:51', 'SuperAdmin', '2014-12-05 11:38:39', b'1'),
	(469, 'MSG141014102711260', 'EMP140630082848739', 'Send', 'SuperAdmin', '2014-10-29 11:49:51', 'SuperAdmin', '2014-12-05 11:38:39', b'1'),
	(470, 'MSG141014102711260', 'EMP140630081034176', 'Send', 'SuperAdmin', '2014-10-29 11:49:51', 'SuperAdmin', '2014-12-05 11:38:39', b'1'),
	(471, 'MSG141014102711260', 'FRH140630102639127', 'Send', 'SuperAdmin', '2014-10-29 11:49:51', 'SuperAdmin', '2014-12-05 11:38:39', b'1'),
	(472, 'MSG141014102711260', 'STD140630101430783', 'Send', 'SuperAdmin', '2014-10-29 11:49:51', 'SuperAdmin', '2014-12-05 11:38:39', b'1'),
	(473, 'MSG141014102711260', 'STD140630094326503', 'Send', 'SuperAdmin', '2014-10-29 11:49:51', 'SuperAdmin', '2014-12-05 11:38:39', b'1'),
	(474, 'MSG141014102711260', 'FRH140628030745875', 'Send', 'SuperAdmin', '2014-10-29 11:49:51', 'SuperAdmin', '2014-12-05 11:38:39', b'1'),
	(475, 'MSG141014102711260', 'STD140628025650678', 'Send', 'SuperAdmin', '2014-10-29 11:49:51', 'SuperAdmin', '2014-12-05 11:38:39', b'1'),
	(476, 'MSG141014102711260', 'STD140628025056602', 'Send', 'SuperAdmin', '2014-10-29 11:49:51', 'SuperAdmin', '2014-12-05 11:38:40', b'1'),
	(477, 'MSG141014102711260', 'EMP140628023304340', 'Send', 'SuperAdmin', '2014-10-29 11:49:51', 'SuperAdmin', '2014-12-05 11:38:40', b'1'),
	(478, 'MSG141014102711260', 'EMP140628022534121', 'Send', 'SuperAdmin', '2014-10-29 11:49:51', 'SuperAdmin', '2014-12-05 11:38:40', b'1'),
	(479, 'MSG141014102711260', 'STD140613065224937', 'Send', 'SuperAdmin', '2014-10-29 11:49:51', 'SuperAdmin', '2014-12-05 11:38:40', b'1'),
	(480, 'MSG141014102711260', 'STD140613064940562', 'Send', 'SuperAdmin', '2014-10-29 11:49:51', 'SuperAdmin', '2014-12-05 11:38:40', b'1'),
	(481, 'MSG141014102711260', 'FRH140613060637987', 'Send', 'SuperAdmin', '2014-10-29 11:49:51', 'SuperAdmin', '2014-12-05 11:38:40', b'1'),
	(482, 'MSG141014102711260', 'STD140613060056057', 'Send', 'SuperAdmin', '2014-10-29 11:49:51', 'SuperAdmin', '2014-12-05 11:38:40', b'1'),
	(483, 'MSG141014102711260', 'STD140604110232269', 'Pending', 'SuperAdmin', '2014-10-29 11:49:51', 'SuperAdmin', '2014-12-04 11:38:12', b'1'),
	(484, 'MSG141014102711260', 'STD140604105138335', 'Pending', 'SuperAdmin', '2014-10-29 11:49:51', 'SuperAdmin', '2014-12-04 11:38:12', b'1'),
	(485, 'MSG141014102711260', 'STD140604054630852', 'Send', 'SuperAdmin', '2014-10-29 11:49:51', 'SuperAdmin', '2014-12-05 11:38:40', b'1'),
	(486, 'MSG141014102711260', 'STD140604040151216', 'Pending', 'SuperAdmin', '2014-10-29 11:49:51', 'SuperAdmin', '2014-12-04 11:38:12', b'1'),
	(487, 'MSG141014102711260', 'FRH140602085328561', 'Send', 'SuperAdmin', '2014-10-29 11:49:51', 'SuperAdmin', '2014-12-05 11:38:40', b'1'),
	(488, 'MSG141014102711260', 'Dummy', 'Send', 'SuperAdmin', '2014-10-29 11:49:51', 'SuperAdmin', '2014-12-05 11:38:40', b'1'),
	(489, 'MSG141014102711260', 'Visnu', 'Send', 'SuperAdmin', '2014-10-29 11:49:51', 'SuperAdmin', '2014-12-05 11:38:40', b'1'),
	(490, 'MSG141014102711260', 'Ananth', 'Send', 'SuperAdmin', '2014-10-29 11:49:51', 'SuperAdmin', '2014-12-05 11:38:40', b'1'),
	(491, 'MSG141014102711260', 'Ranjith', 'Send', 'SuperAdmin', '2014-10-29 11:49:51', 'SuperAdmin', '2014-12-05 11:38:40', b'1'),
	(492, 'MSG141014102711260', 'SuperAdmin', 'Send', 'SuperAdmin', '2014-10-29 11:49:51', 'SuperAdmin', '2014-12-05 11:38:40', b'1'),
	(493, 'MSG141014102711260', 'STD140529115834147', 'Send', 'SuperAdmin', '2014-10-29 11:49:51', 'SuperAdmin', '2014-12-05 11:38:40', b'1'),
	(494, 'MSG141014102711260', 'STD140604030503228', 'Pending', 'SuperAdmin', '2014-10-29 11:49:51', 'SuperAdmin', '2014-12-04 11:38:13', b'1');
/*!40000 ALTER TABLE `messagesusermapping` ENABLE KEYS */;


-- Dumping structure for table edutel.messagesusersgroup
CREATE TABLE IF NOT EXISTS `messagesusersgroup` (
  `userGroupAutoId` int(11) NOT NULL AUTO_INCREMENT,
  `userGroupName` varchar(50) NOT NULL,
  `usEmployeeId` varchar(50) NOT NULL,
  `createdBy` varchar(50) NOT NULL,
  `createdDate` datetime NOT NULL,
  `modifiedBy` varchar(50) DEFAULT NULL,
  `modifiedDate` datetime DEFAULT NULL,
  `status` bit(1) NOT NULL DEFAULT b'1',
  PRIMARY KEY (`userGroupAutoId`),
  KEY `FK_MSG_USR_GRP_CRT_idx` (`createdBy`),
  KEY `FK_MSG_USR_GRP_MDY_idx` (`modifiedBy`),
  KEY `FK_MSG_USR_GRP` (`usEmployeeId`),
  CONSTRAINT `FK_MSG_USR_GRP` FOREIGN KEY (`usEmployeeId`) REFERENCES `users` (`usEmployeeId`) ON DELETE NO ACTION ON UPDATE NO ACTION,
  CONSTRAINT `FK_MSG_USR_GRP_CRT` FOREIGN KEY (`createdBy`) REFERENCES `users` (`usEmployeeId`) ON DELETE NO ACTION ON UPDATE NO ACTION,
  CONSTRAINT `FK_MSG_USR_GRP_MDY` FOREIGN KEY (`modifiedBy`) REFERENCES `users` (`usEmployeeId`) ON DELETE NO ACTION ON UPDATE NO ACTION
) ENGINE=InnoDB AUTO_INCREMENT=178 DEFAULT CHARSET=latin1;

-- Dumping data for table edutel.messagesusersgroup: ~41 rows (approximately)
DELETE FROM `messagesusersgroup`;
/*!40000 ALTER TABLE `messagesusersgroup` DISABLE KEYS */;
INSERT INTO `messagesusersgroup` (`userGroupAutoId`, `userGroupName`, `usEmployeeId`, `createdBy`, `createdDate`, `modifiedBy`, `modifiedDate`, `status`) VALUES
	(136, 'Ananth', 'STD140821110707255', 'SuperAdmin', '2014-10-26 12:34:26', NULL, NULL, b'1'),
	(137, 'Ananth', 'STD140820101846515', 'SuperAdmin', '2014-10-26 12:34:28', NULL, NULL, b'1'),
	(138, 'Ananth', 'STD140819115155466', 'SuperAdmin', '2014-10-26 12:34:30', NULL, NULL, b'1'),
	(139, 'Ananth', 'EMP140715084218783', 'SuperAdmin', '2014-10-26 12:34:32', NULL, NULL, b'1'),
	(140, 'Ananth', 'EMP140708111601534', 'SuperAdmin', '2014-10-26 12:34:35', NULL, NULL, b'1'),
	(141, 'Ananth', 'EMP140708110917415', 'SuperAdmin', '2014-10-26 12:34:35', NULL, NULL, b'1'),
	(142, 'Ananth', 'EMP140708102148506', 'SuperAdmin', '2014-10-26 12:34:35', NULL, NULL, b'1'),
	(143, 'Ananth', 'EMP140708101523335', 'SuperAdmin', '2014-10-26 12:34:35', NULL, NULL, b'1'),
	(144, 'Ananth', 'EMP140706113545415', 'SuperAdmin', '2014-10-26 12:34:35', NULL, NULL, b'1'),
	(145, 'Ananth', 'EMP140630084927915', 'SuperAdmin', '2014-10-26 12:34:35', NULL, NULL, b'1'),
	(146, 'Alternate', 'STD140821110707255', 'SuperAdmin', '2014-10-26 13:21:53', NULL, NULL, b'1'),
	(147, 'Alternate', 'STD140819115155466', 'SuperAdmin', '2014-10-26 13:21:53', NULL, NULL, b'1'),
	(148, 'Alternate', 'EMP140708111601534', 'SuperAdmin', '2014-10-26 13:21:53', NULL, NULL, b'1'),
	(149, 'Alternate', 'EMP140708110917415', 'SuperAdmin', '2014-10-26 13:21:53', NULL, NULL, b'1'),
	(150, 'Alternate', 'EMP140706113545415', 'SuperAdmin', '2014-10-26 13:21:53', NULL, NULL, b'1'),
	(151, 'Ananth', 'EMP140630082848739', 'SuperAdmin', '2014-10-26 13:30:03', NULL, NULL, b'1'),
	(152, 'Ananth', 'EMP140630081034176', 'SuperAdmin', '2014-10-26 13:30:03', NULL, NULL, b'1'),
	(153, 'Ananth', 'FRH140630102639127', 'SuperAdmin', '2014-10-26 13:30:03', NULL, NULL, b'1'),
	(154, 'Ananth', 'STD140630101430783', 'SuperAdmin', '2014-10-26 13:30:03', NULL, NULL, b'1'),
	(155, 'Ananth', 'STD140630094326503', 'SuperAdmin', '2014-10-26 13:30:03', NULL, NULL, b'1'),
	(156, 'Ananth', 'FRH140628030745875', 'SuperAdmin', '2014-10-26 13:30:03', NULL, NULL, b'1'),
	(157, 'Ananth', 'STD140628025650678', 'SuperAdmin', '2014-10-26 13:30:03', NULL, NULL, b'1'),
	(158, 'Ananth', 'STD140628025056602', 'SuperAdmin', '2014-10-26 13:30:03', NULL, NULL, b'1'),
	(159, 'Ananth', 'EMP140628023304340', 'SuperAdmin', '2014-10-26 13:30:03', NULL, NULL, b'1'),
	(160, 'Ananth', 'EMP140628022534121', 'SuperAdmin', '2014-10-26 13:30:03', NULL, NULL, b'1'),
	(161, 'Ananth', 'STD140613065224937', 'SuperAdmin', '2014-10-26 13:30:03', NULL, NULL, b'1'),
	(162, 'Ananth', 'STD140613064940562', 'SuperAdmin', '2014-10-26 13:30:03', NULL, NULL, b'1'),
	(163, 'Ananth', 'FRH140613060637987', 'SuperAdmin', '2014-10-26 13:30:03', NULL, NULL, b'1'),
	(164, 'Ananth', 'STD140613060056057', 'SuperAdmin', '2014-10-26 13:30:03', NULL, NULL, b'1'),
	(165, 'Ananth', 'STD140604110232269', 'SuperAdmin', '2014-10-26 13:30:03', NULL, NULL, b'1'),
	(166, 'Ananth', 'STD140604105138335', 'SuperAdmin', '2014-10-26 13:30:03', NULL, NULL, b'1'),
	(167, 'Ananth', 'STD140604054630852', 'SuperAdmin', '2014-10-26 13:30:03', NULL, NULL, b'1'),
	(168, 'Ananth', 'STD140604040151216', 'SuperAdmin', '2014-10-26 13:30:03', NULL, NULL, b'1'),
	(169, 'Ananth', 'FRH140602085328561', 'SuperAdmin', '2014-10-26 13:30:03', NULL, NULL, b'1'),
	(170, 'Ananth', 'Dummy', 'SuperAdmin', '2014-10-26 13:30:03', NULL, NULL, b'1'),
	(171, 'Ananth', 'Visnu', 'SuperAdmin', '2014-10-26 13:30:03', NULL, NULL, b'1'),
	(172, 'Ananth', 'Ananth', 'SuperAdmin', '2014-10-26 13:30:03', NULL, NULL, b'1'),
	(173, 'Ananth', 'Ranjith', 'SuperAdmin', '2014-10-26 13:30:03', NULL, NULL, b'1'),
	(174, 'Ananth', 'SuperAdmin', 'SuperAdmin', '2014-10-26 13:30:03', NULL, NULL, b'1'),
	(175, 'Ananth', 'STD140529115834147', 'SuperAdmin', '2014-10-26 13:30:03', NULL, NULL, b'1'),
	(176, 'Ananth', 'STD140604030503228', 'SuperAdmin', '2014-10-26 13:30:03', NULL, NULL, b'1'),
	(177, 'Hari', 'FRH140630102639127', 'SuperAdmin', '2014-10-26 16:47:10', NULL, NULL, b'1');
/*!40000 ALTER TABLE `messagesusersgroup` ENABLE KEYS */;
/*!40101 SET SQL_MODE=IFNULL(@OLD_SQL_MODE, '') */;
/*!40014 SET FOREIGN_KEY_CHECKS=IF(@OLD_FOREIGN_KEY_CHECKS IS NULL, 1, @OLD_FOREIGN_KEY_CHECKS) */;
/*!40101 SET CHARACTER_SET_CLIENT=@OLD_CHARACTER_SET_CLIENT */;
